Date,EMBR3.SA,AZUL4.SA,MGLU3.SA,PETR4.SA,IRBR3.SA
2019-01-02,21.540000915527344,36.33000183105469,5.645669937133789,23.28478240966797,24.319772720336914
2019-01-03,21.899999618530273,36.369998931884766,5.585264205932617,23.85577392578125,24.033658981323242
2019-01-04,20.799999237060547,36.25,5.415277481079102,23.92351722717285,23.765060424804688
2019-01-07,21.229999542236328,35.29999923706055,5.499359607696533,24.300952911376953,24.00446128845215
2019-01-08,21.360000610351562,34.720001220703125,5.455042362213135,24.15578269958496,24.23218536376953
2019-01-09,21.280000686645508,35.150001525878906,5.436829090118408,24.659029006958008,24.16795539855957
2019-01-10,20.989999771118164,35.90999984741211,5.4896464347839355,24.446117401123047,23.671634674072266
2019-01-11,21.530000686645508,37.20000076293945,5.390994548797607,24.184818267822266,23.195751190185547
2019-01-14,21.6200008392334,37.470001220703125,5.433490753173828,24.049327850341797,23.093564987182617
2019-01-15,21.760000228881836,37.0,5.371870040893555,24.02997398376465,23.3563232421875
2019-01-16,21.5,37.0,5.312070846557617,24.020294189453125,24.23218536376953
2019-01-17,20.469999313354492,37.04999923706055,5.2962870597839355,24.34934425354004,24.407358169555664
2019-01-18,19.850000381469727,36.36000061035156,5.287787914276123,24.581605911254883,25.16935920715332
2019-01-21,20.139999389648438,36.18000030517578,5.0692338943481445,24.70741844177246,25.12264633178711
2019-01-22,19.479999542236328,35.5,4.918978214263916,24.32030487060547,25.280302047729492
2019-01-23,19.459999084472656,36.0,5.148156642913818,24.610641479492188,25.25694465637207
2019-01-24,19.670000076293945,36.060001373291016,5.083804130554199,24.71709632873535,25.671520233154297
2019-01-28,19.260000228881836,35.060001373291016,5.0807695388793945,23.971908569335938,25.7445068359375
2019-01-29,19.15999984741211,34.79999923706055,5.406171798706055,24.552574157714844,25.22774887084961
2019-01-30,19.420000076293945,35.95000076293945,5.346978664398193,24.794519424438477,25.049657821655273
2019-01-31,19.34000015258789,37.11000061035156,5.435615062713623,24.755807876586914,24.892000198364258
2019-02-01,19.270000457763672,37.20000076293945,5.427420139312744,24.968721389770508,25.34453010559082
2019-02-04,19.43000030517578,38.040000915527344,5.374905586242676,25.191308975219727,25.545978546142578
2019-02-05,19.6299991607666,38.59000015258789,5.327249526977539,25.23969841003418,25.327014923095703
2019-02-06,18.989999771118164,37.29999923706055,5.151191711425781,24.66870880126953,25.108047485351562
2019-02-07,18.399999618530273,36.18000030517578,5.063163757324219,24.281597137451172,25.049657821655273
2019-02-08,18.940000534057617,37.0,5.160298824310303,24.32030487060547,26.04521942138672
2019-02-11,18.670000076293945,37.20000076293945,5.0185418128967285,24.03965187072754,26.053977966308594
2019-02-12,18.6299991607666,38.2599983215332,5.0024542808532715,24.891298294067383,27.12253189086914
2019-02-13,18.770000457763672,38.400001525878906,4.896212577819824,25.210662841796875,26.468551635742188
2019-02-14,19.299999237060547,38.599998474121094,5.1812424659729,26.081666946411133,26.85977554321289
2019-02-15,19.329999923706055,38.5,4.977259159088135,25.975210189819336,26.61161231994629
2019-02-18,18.889999389648438,38.880001068115234,5.11598014831543,25.89778709411621,26.772184371948242
2019-02-19,19.280000686645508,38.65999984741211,5.149977684020996,26.49781036376953,26.888965606689453
2019-02-20,19.100000381469727,38.150001525878906,4.932638168334961,26.168766021728516,27.078737258911133
2019-02-21,19.489999771118164,37.4900016784668,4.89014196395874,26.51716423034668,27.69476318359375
2019-02-22,19.510000228881836,37.900001525878906,5.400099754333496,26.25586700439453,27.268510818481445
2019-02-25,19.399999618530273,38.20000076293945,5.272610187530518,25.8397216796875,27.29770278930664
2019-02-26,19.700000762939453,38.5,5.418313503265381,25.723590850830078,27.370691299438477
2019-02-27,19.350000381469727,37.900001525878906,5.342426776885986,26.207477569580078,26.27586555480957
2019-02-28,19.079999923706055,37.650001525878906,5.265326023101807,26.18812370300293,25.983909606933594
2019-03-01,18.959999084472656,36.75,5.318748950958252,25.8397216796875,26.29629898071289
2019-03-07,19.110000610351562,36.400001525878906,5.377333164215088,25.907466888427734,25.254026412963867
2019-03-08,19.290000915527344,37.060001373291016,5.488736152648926,25.810686111450195,26.597013473510742
2019-03-11,19.219999313354492,39.45000076293945,5.541856288909912,26.855892181396484,26.56781768798828
2019-03-12,18.850000381469727,40.209999084472656,5.4289374351501465,26.613941192626953,26.319658279418945
2019-03-13,18.81999969482422,40.5,5.381280422210693,27.19461441040039,26.05105972290039
2019-03-14,18.790000915527344,41.279998779296875,5.357603549957275,27.281713485717773,25.983909606933594
2019-03-15,19.75,41.5,5.3785481452941895,27.339778900146484,25.718233108520508
2019-03-18,19.739999771118164,42.220001220703125,5.4765944480896,27.813993453979492,26.214555740356445
2019-03-19,19.459999084472656,42.06999969482422,5.485092639923096,28.25916862487793,26.56781768798828
2019-03-20,19.219999313354492,41.16999816894531,5.513322830200195,28.03658103942871,26.56781768798828
2019-03-21,19.100000381469727,40.95000076293945,5.532142639160156,27.63979148864746,26.453954696655273
2019-03-22,18.700000762939453,39.45000076293945,5.260468482971191,26.130054473876953,26.08379554748535
2019-03-25,18.549999237060547,39.02000045776367,5.254701614379883,26.4591007232666,26.458425521850586
2019-03-26,18.649999618530273,39.77000045776367,5.360335350036621,27.70753288269043,26.493549346923828
2019-03-27,18.389999389648438,37.689998626708984,5.099588394165039,26.4591007232666,26.13062286376953
2019-03-28,18.530000686645508,37.25,5.1842780113220215,27.155899047851562,26.04867172241211
2019-03-29,18.450000762939453,38.27000045776367,5.246809482574463,27.155899047851562,26.70720672607422
2019-04-01,18.700000762939453,38.939998626708984,5.199455261230469,27.097837448120117,26.926719665527344
2019-04-02,18.610000610351562,38.79999923706055,5.043431758880615,27.37849235534668,26.985252380371094
2019-04-03,18.459999084472656,38.959999084472656,5.132068157196045,26.652658462524414,27.365737915039062
2019-04-04,18.799999237060547,38.790000915527344,5.129943370819092,27.552688598632812,26.935497283935547
2019-04-05,19.3799991607666,37.45000076293945,5.159994602203369,27.852703094482422,27.828176498413086
2019-04-08,19.350000381469727,36.04999923706055,5.061342239379883,28.30755615234375,28.264272689819336
2019-04-09,18.8700008392334,35.75,5.0482892990112305,28.220462799072266,27.863300323486328
2019-04-10,18.790000915527344,36.04999923706055,5.1208367347717285,27.852703094482422,27.34232521057129
2019-04-11,18.600000381469727,34.779998779296875,5.03887939453125,27.097837448120117,27.65842056274414
2019-04-12,18.56999969482422,33.75,5.003364086151123,24.99775505065918,27.95110321044922
2019-04-15,18.209999084472656,32.70000076293945,4.9629926681518555,25.094532012939453,27.8867130279541
2019-04-16,18.700000762939453,33.18000030517578,4.9499192237854,25.85907554626465,27.801836013793945
2019-04-17,19.030000686645508,31.700000762939453,4.86229944229126,25.888111114501953,27.80476188659668
2019-04-18,19.31999969482422,33.630001068115234,5.19635009765625,26.710723876953125,27.184276580810547
2019-04-22,19.510000228881836,33.97999954223633,5.086824893951416,26.555877685546875,27.705249786376953
2019-04-23,19.18000030517578,34.16999816894531,5.20243501663208,26.788145065307617,28.635976791381836
2019-04-24,19.309999465942383,33.47999954223633,5.246853351593018,26.710723876953125,28.477930068969727
2019-04-25,19.170000076293945,33.25,5.324129104614258,26.904279708862305,28.68280792236328
2019-04-26,19.229999542236328,33.61000061035156,5.444302082061768,26.390506744384766,27.705249786376953
2019-04-29,19.56999969482422,33.65999984741211,5.430915355682373,26.506723403930664,27.77549171447754
2019-04-30,19.639999389648438,34.0,5.818817138671875,26.254920959472656,27.482810974121094
2019-05-02,19.709999084472656,34.599998474121094,5.8029961585998535,25.88690757751465,28.243783950805664
2019-05-03,19.510000228881836,36.08000183105469,5.970630168914795,26.003124237060547,29.297439575195312
2019-05-06,19.299999237060547,35.0,6.091108322143555,25.925647735595703,28.829145431518555
2019-05-07,19.200000762939453,35.279998779296875,5.845892906188965,25.51889419555664,29.121829986572266
2019-05-08,19.18000030517578,37.0,5.886966228485107,26.506723403930664,29.121829986572266
2019-05-09,19.209999084472656,38.0,5.6557464599609375,25.983753204345703,29.121829986572266
2019-05-10,19.290000915527344,38.09000015258789,5.674001216888428,25.838485717773438,29.584266662597656
2019-05-13,18.90999984741211,36.599998474121094,5.476855754852295,25.083087921142578,28.638904571533203
2019-05-14,18.93000030517578,35.150001525878906,5.4230055809021,25.179935455322266,28.826221466064453
2019-05-15,18.139999389648438,34.630001068115234,5.26328182220459,25.0637149810791,28.390127182006836
2019-05-16,17.43000030517578,33.29999923706055,5.080740451812744,24.472957611083984,28.32280921936035
2019-05-17,18.149999618530273,32.65999984741211,5.136110782623291,23.901569366455078,29.121829986572266
2019-05-20,18.610000610351562,33.40999984741211,5.26328182220459,24.71507453918457,30.500362396240234
2019-05-21,18.8700008392334,35.2400016784668,5.458297252655029,25.654478073120117,30.409629821777344
2019-05-22,19.0,35.68000030517578,5.483852386474609,25.557266235351562,30.21060562133789
2019-05-23,18.739999771118164,35.310001373291016,5.4899373054504395,25.11980438232422,30.087678909301758
2019-05-24,18.510000228881836,35.45000076293945,5.3804121017456055,25.36284065246582,29.238901138305664
2019-05-27,18.81999969482422,36.45000076293945,5.415399551391602,25.508655548095703,29.051586151123047
2019-05-28,19.309999465942383,38.25,5.750059604644775,26.053049087524414,29.87987518310547
2019-05-29,19.280000686645508,38.150001525878906,5.758273601531982,25.76141357421875,30.119874954223633
2019-05-30,19.149999618530273,39.29999923706055,5.868406295776367,25.421167373657227,30.526700973510742
2019-05-31,18.950000762939453,39.20000076293945,5.963024616241455,24.837888717651367,29.81841278076172
2019-06-03,18.90999984741211,39.689998626708984,5.9246907234191895,25.265625,29.238901138305664
2019-06-04,18.68000030517578,40.0,5.91799783706665,25.46977424621582,29.651582717895508
2019-06-05,18.459999084472656,40.619998931884766,5.816686630249023,25.139249801635742,28.442808151245117
2019-06-06,18.420000076293945,42.689998626708984,5.780786514282227,25.547544479370117,27.760860443115234
2019-06-07,18.540000915527344,43.65999984741211,6.037562847137451,26.014163970947266,28.84085464477539
2019-06-10,18.479999542236328,44.099998474121094,6.160777568817139,25.9072322845459,28.84963607788086
2019-06-11,18.5,43.7400016784668,6.303464412689209,26.403017044067383,28.360857009887695
2019-06-12,18.6299991607666,43.619998931884766,6.179640293121338,26.10165786743164,28.325735092163086
2019-06-13,19.020000457763672,44.25,6.377089023590088,26.422460556030273,28.097442626953125
2019-06-14,18.670000076293945,43.790000915527344,6.4367194175720215,26.305805206298828,27.395008087158203
2019-06-17,18.770000457763672,44.779998779296875,6.312896251678467,26.354412078857422,28.214515686035156
2019-06-18,18.729999542236328,45.25,6.331150531768799,26.6849365234375,28.750123977661133
2019-06-19,18.59000015258789,45.400001525878906,6.388955116271973,26.75298309326172,28.77353858947754
2019-06-21,19.1299991607666,44.2599983215332,6.469576835632324,27.49180030822754,29.115976333618164
2019-06-24,19.420000076293945,43.56999969482422,6.3883466720581055,27.462635040283203,29.575485229492188
2019-06-25,18.93000030517578,42.599998474121094,6.28277587890625,26.743261337280273,28.922805786132812
2019-06-26,19.020000457763672,42.38999938964844,6.341797828674316,26.898801803588867,29.268169403076172
2019-06-27,18.959999084472656,42.470001220703125,6.347882270812988,26.471067428588867,29.092561721801758
2019-06-28,19.40999984741211,43.290000915527344,6.42302942276001,26.64604949951172,28.829145431518555
2019-07-01,19.5,42.09000015258789,6.395040035247803,26.50023078918457,29.634023666381836
2019-07-02,19.450000762939453,42.40999984741211,6.463797092437744,26.072490692138672,28.390127182006836
2019-07-03,19.34000015258789,44.060001373291016,6.719050884246826,26.422460556030273,28.167686462402344
2019-07-04,19.34000015258789,46.75,6.726656913757324,26.626604080200195,28.109149932861328
2019-07-05,19.479999542236328,48.45000076293945,6.878166198730469,26.63632583618164,28.31110191345215
2019-07-08,19.389999389648438,48.72999954223633,6.979172706604004,26.879362106323242,27.80476188659668
2019-07-10,19.420000076293945,49.9900016784668,7.103909492492676,27.28765296936035,29.69255828857422
2019-07-11,19.200000762939453,49.470001220703125,7.020852565765381,27.608457565307617,28.147199630737305
2019-07-12,19.290000915527344,49.09000015258789,7.059795379638672,27.734832763671875,27.520862579345703
2019-07-15,19.31999969482422,49.36000061035156,7.0172014236450195,27.394588470458984,27.16086196899414
2019-07-16,19.260000228881836,50.0,7.119121551513672,27.054344177246094,27.1403751373291
2019-07-17,19.299999237060547,49.63999938964844,7.435222148895264,26.908523559570312,26.75110626220703
2019-07-18,19.260000228881836,49.849998474121094,7.514627933502197,26.743261337280273,26.341354370117188
2019-07-19,19.329999923706055,49.70000076293945,7.242336750030518,26.675214767456055,25.931598663330078
2019-07-22,19.309999465942383,49.900001525878906,7.525276184082031,26.723819732666016,26.999887466430664
2019-07-23,19.40999984741211,49.029998779296875,7.362509727478027,26.75298309326172,27.8750057220459
2019-07-24,19.5,49.45000076293945,7.478423118591309,26.58772087097168,27.95110321044922
2019-07-25,19.299999237060547,50.88999938964844,7.437960624694824,26.14054298400879,27.95110321044922
2019-07-26,19.3700008392334,51.88999938964844,7.666745662689209,25.41144561767578,27.8750057220459
2019-07-29,19.5,52.91999816894531,8.02574634552002,25.644752502441406,27.722808837890625
2019-07-30,19.3700008392334,53.0099983215332,8.048563003540039,25.508655548095703,27.415494918823242
2019-07-31,19.309999465942383,51.779998779296875,8.023309707641602,25.353118896484375,27.80476188659668
2019-08-01,19.360000610351562,54.130001068115234,8.412123680114746,25.51837921142578,26.87696075439453
2019-08-02,19.40999984741211,53.599998474121094,8.626609802246094,25.780855178833008,26.780376434326172
2019-08-05,19.020000457763672,51.650001525878906,8.396912574768066,24.837888717651367,26.81842613220215
2019-08-06,19.459999084472656,52.970001220703125,8.908029556274414,25.15869140625,28.390127182006836
2019-08-07,19.5,53.119998931884766,8.837445259094238,24.88649559020996,28.969635009765625
2019-08-08,19.600000381469727,54.54999923706055,9.039459228515625,25.6155948638916,28.34622573852539
2019-08-09,19.549999237060547,55.470001220703125,9.19522762298584,25.547544479370117,29.18036651611328
2019-08-12,19.43000030517578,54.29999923706055,8.864217758178711,24.935100555419922,28.750123977661133
2019-08-13,19.5,53.54999923706055,9.212264060974121,25.268224716186523,29.434999465942383
2019-08-14,18.360000610351562,50.970001220703125,8.99321460723877,24.41582489013672,29.42329216003418
2019-08-15,18.049999237060547,50.560001373291016,8.837445259094238,23.739784240722656,29.145244598388672
2019-08-16,18.0,50.470001220703125,9.141682624816895,23.426259994506836,29.81841278076172
2019-08-19,17.950000762939453,49.83000183105469,9.2073974609375,23.54383087158203,29.44378089904785
2019-08-20,18.0,49.68000030517578,8.8909912109375,23.53403091430664,29.45548439025879
2019-08-21,18.139999389648438,50.849998474121094,8.893424987792969,24.935102462768555,29.888654708862305
2019-08-22,18.149999618530273,48.939998626708984,8.379876136779785,24.709754943847656,29.502315521240234
2019-08-23,17.850000381469727,47.29999923706055,8.221672058105469,23.788772583007812,29.41451072692871
2019-08-26,17.65999984741211,46.0,8.202201843261719,23.475244522094727,28.829145431518555
2019-08-27,17.549999237060547,45.97999954223633,8.326330184936523,23.847558975219727,29.32670783996582
2019-08-28,17.719999313354492,46.540000915527344,8.496702194213867,24.092500686645508,29.121829986572266
2019-08-29,18.010000228881836,48.54999923706055,9.068665504455566,24.984088897705078,30.43889617919922
2019-08-30,17.950000762939453,47.099998474121094,8.8325777053833,24.984088897705078,31.755962371826172
2019-09-02,17.709999084472656,47.13999938964844,8.910463333129883,24.788135528564453,30.643774032592773
2019-09-03,17.8799991607666,45.959999084472656,8.732789993286133,25.08206558227539,30.166704177856445
2019-09-04,18.049999237060547,47.11000061035156,9.054061889648438,25.72871208190918,30.29255485534668
2019-09-05,18.399999618530273,49.220001220703125,8.932369232177734,25.856081008911133,29.953046798706055
2019-09-06,18.010000228881836,49.349998474121094,8.761996269226074,25.98345375061035,29.625242233276367
2019-09-09,18.309999465942383,48.38999938964844,8.323895454406738,26.38515853881836,30.310117721557617
2019-09-10,18.850000381469727,48.150001525878906,7.910134792327881,26.55171775817871,30.38036346435547
2019-09-11,18.639999389648438,49.38999938964844,8.421250343322754,26.326374053955078,30.921823501586914
2019-09-12,19.459999084472656,52.04999923706055,8.518606185913086,26.512529373168945,30.731576919555664
2019-09-13,19.469999313354492,51.34000015258789,8.299555778503418,26.336170196533203,30.146217346191406
2019-09-16,19.43000030517578,47.0,8.486966133117676,27.492294311523438,31.316944122314453
2019-09-17,19.299999237060547,48.45000076293945,8.482097625732422,27.12978172302246,32.99401092529297
2019-09-18,19.5,49.20000076293945,8.533210754394531,26.66929054260254,32.63400650024414
2019-09-19,19.489999771118164,49.279998779296875,8.715752601623535,26.73787498474121,32.821327209472656
2019-09-20,19.520000457763672,48.72999954223633,8.898293495178223,26.45374298095703,32.549137115478516
2019-09-23,19.1200008392334,48.130001068115234,8.759561538696289,26.924030303955078,32.7452278137207
2019-09-24,18.459999084472656,47.279998779296875,8.949403762817383,26.718280792236328,32.31206130981445
2019-09-25,18.6200008392334,48.5,8.937236785888672,26.786865234375,32.274009704589844
2019-09-26,18.219999313354492,49.869998931884766,8.900727272033691,27.13958168029785,32.50522994995117
2019-09-27,18.1299991607666,49.619998931884766,8.956707000732422,27.100391387939453,32.90913391113281
2019-09-30,17.90999984741211,49.709999084472656,9.015120506286621,26.992616653442383,33.067176818847656
2019-10-01,17.84000015258789,48.939998626708984,9.114909172058105,26.95342445373535,32.70718002319336
2019-10-02,17.469999313354492,47.90999984741211,8.88369083404541,26.179407119750977,32.17156982421875
2019-10-03,17.950000762939453,49.88999938964844,9.078400611877441,26.19900131225586,31.258405685424805
2019-10-04,17.719999313354492,50.95000076293945,9.438615798950195,25.973655700683594,31.91693878173828
2019-10-07,17.34000015258789,50.59000015258789,9.346128463745117,25.640533447265625,30.907188415527344
2019-10-08,17.010000228881836,50.20000076293945,9.266536712646484,25.493572235107422,31.153039932250977
2019-10-09,17.100000381469727,49.5,9.668899536132812,25.98345375061035,31.56572151184082
2019-10-10,17.049999237060547,49.68000030517578,9.495760917663574,26.19900131225586,31.460355758666992
2019-10-11,17.270000457763672,50.400001525878906,9.876177787780762,26.70848274230957,31.925722122192383
2019-10-14,17.350000381469727,51.18000030517578,10.283415794372559,26.757469177246094,32.364742279052734
2019-10-15,17.5,51.209999084472656,10.193188667297363,27.041603088378906,32.47010803222656
2019-10-16,17.450000762939453,51.29999923706055,10.427291870117188,27.364927291870117,32.31206130981445
2019-10-17,17.639999389648438,51.2599983215332,10.527271270751953,27.100391387939453,32.90034866333008
2019-10-18,17.530000686645508,50.9900016784668,10.485816955566406,27.041603088378906,32.715965270996094
2019-10-21,17.8799991607666,51.349998474121094,10.51020336151123,27.20816421508789,33.93644714355469
2019-10-22,17.950000762939453,52.9900016784668,10.661393165588379,27.99197769165039,34.419368743896484
2019-10-23,17.8700008392334,52.150001525878906,10.605307579040527,28.36429214477539,34.375465393066406
2019-10-24,17.989999771118164,52.900001525878906,10.546780586242676,27.747037887573242,34.15595626831055
2019-10-25,17.729999542236328,52.540000915527344,10.241960525512695,28.658218383789062,33.9803466796875
2019-10-28,17.829999923706055,53.15999984741211,10.405344009399414,29.001140594482422,33.92766571044922
2019-10-29,17.790000915527344,53.5,10.034683227539062,29.21668815612793,33.190101623535156
2019-10-30,17.649999618530273,53.63999938964844,10.734550476074219,29.47142791748047,32.794986724853516
2019-10-31,17.530000686645508,52.52000045776367,10.885741233825684,29.775156021118164,33.18132781982422
2019-11-01,17.719999313354492,53.54999923706055,11.507574081420898,29.814346313476562,33.67302703857422
2019-11-04,18.010000228881836,53.5,10.966214179992676,29.74576187133789,33.92766571044922
2019-11-05,18.190000534057617,53.369998931884766,10.73942756652832,29.050128936767578,33.9803466796875
2019-11-06,18.049999237060547,51.72999954223633,11.022299766540527,29.10891342163086,33.37449645996094
2019-11-07,18.290000915527344,52.4900016784668,10.778444290161133,30.274837493896484,31.91693878173828
2019-11-08,18.079999923706055,50.91999816894531,10.683340072631836,29.412643432617188,30.819379806518555
2019-11-11,17.799999237060547,50.45000076293945,10.978407859802246,29.833942413330078,32.00474166870117
2019-11-12,17.190000534057617,48.5099983215332,10.583359718322754,29.608013153076172,32.110107421875
2019-11-13,17.3700008392334,48.130001068115234,10.36388874053955,29.48965835571289,32.057430267333984
2019-11-14,17.290000915527344,50.099998474121094,10.790637969970703,28.897891998291016,32.882789611816406
2019-11-18,17.350000381469727,50.900001525878906,10.968652725219727,28.6809139251709,31.987180709838867
2019-11-19,17.399999618530273,50.4900016784668,10.856477737426758,28.385028839111328,32.50216293334961
2019-11-21,17.600000381469727,52.20000076293945,10.973528861999512,29.440345764160156,33.14690399169922
2019-11-22,18.110000610351562,54.66999816894531,11.093019485473633,29.568559646606445,33.235225677490234
2019-11-25,18.020000457763672,53.84000015258789,10.80282974243164,29.321990966796875,33.129241943359375
2019-11-26,17.93000030517578,51.400001525878906,10.49557113647461,28.789403915405273,32.60814666748047
2019-11-27,17.979999542236328,50.9900016784668,11.119843482971191,28.927480697631836,32.696468353271484
2019-11-28,17.93000030517578,52.75,11.119843482971191,29.124736785888672,33.20873260498047
2019-11-29,18.0,53.099998474121094,10.98084545135498,28.74995231628418,32.79362487792969
2019-12-02,18.450000762939453,52.939998626708984,10.954021453857422,28.671049118041992,32.85544967651367
2019-12-03,18.5,53.5,10.873547554016113,28.58228302001953,32.873111724853516
2019-12-04,18.3799991607666,53.40999984741211,10.746743202209473,29.252952575683594,32.590484619140625
2019-12-05,18.40999984741211,53.40999984741211,10.946704864501953,29.637598037719727,32.85544967651367
2019-12-06,18.559999465942383,54.70000076293945,11.071072578430176,29.933483123779297,32.74063491821289
2019-12-09,18.5,54.709999084472656,11.180807113647461,29.7954044342041,32.51982498168945
2019-12-10,18.43000030517578,53.599998474121094,11.363698959350586,30.022247314453125,32.54632568359375
2019-12-11,18.56999969482422,54.63999938964844,11.602678298950195,29.982797622680664,32.44916915893555
2019-12-12,18.81999969482422,55.06999969482422,11.663642883300781,30.544973373413086,33.15574264526367
2019-12-13,19.030000686645508,56.86000061035156,11.966023445129395,29.568559646606445,32.39617919921875
2019-12-16,18.959999084472656,57.27000045776367,12.022110939025879,29.00638198852539,32.44916915893555
2019-12-17,19.15999984741211,56.869998931884766,11.675835609436035,29.440345764160156,32.873111724853516
2019-12-18,19.420000076293945,57.61000061035156,11.834341049194336,30.12087631225586,33.74748992919922
2019-12-19,19.290000915527344,57.709999084472656,11.85628890991211,30.189916610717773,33.78281784057617
2019-12-20,19.649999618530273,57.0,11.848974227905273,29.844717025756836,34.401065826416016
2019-12-23,19.729999542236328,57.599998474121094,11.885552406311035,30.081424713134766,34.55121612548828
2019-12-26,19.719999313354492,57.06999969482422,11.970901489257812,30.485795974731445,35.30194091796875
2019-12-27,19.719999313354492,57.79999923706055,11.883112907409668,30.517738342285156,34.90449523925781
2019-12-30,19.729999542236328,58.279998779296875,11.631939888000488,30.177762985229492,34.401065826416016
2020-01-02,20.200000762939453,58.79999923706055,12.038458824157715,30.697725296020508,35.231285095214844
2020-01-03,20.40999984741211,56.7599983215332,11.931081771850586,30.447742462158203,34.95748519897461
2020-01-06,20.3799991607666,55.0,11.94084358215332,30.807716369628906,34.63070297241211
2020-01-07,20.5,56.81999969482422,11.906678199768066,30.687725067138672,34.86033630371094
2020-01-08,20.329999923706055,56.91999816894531,12.272736549377441,30.497737884521484,34.992820739746094
2020-01-09,20.190000534057617,57.279998779296875,12.709567070007324,30.397747039794922,36.34413146972656
2020-01-10,20.110000610351562,57.5,12.6412353515625,30.26775550842285,36.36179733276367
2020-01-13,20.459999084472656,58.29999923706055,13.234251022338867,30.32775115966797,36.67091751098633
2020-01-14,20.3700008392334,59.189998626708984,13.178122520446777,29.99777603149414,36.423622131347656
2020-01-15,20.0,59.29999923706055,13.095148086547852,29.547807693481445,37.28033447265625
2020-01-16,19.649999618530273,59.439998626708984,13.046340942382812,29.517810821533203,36.918216705322266
2020-01-17,19.549999237060547,61.349998474121094,13.263534545898438,29.847787857055664,38.16354751586914
2020-01-20,19.389999389648438,61.77000045776367,13.666200637817383,29.99777603149414,38.72880172729492
2020-01-21,18.93000030517578,60.04999923706055,13.64423656463623,29.6178035736084,37.986900329589844
2020-01-22,19.200000762939453,59.599998474121094,13.590548515319824,29.28782844543457,39.65617370605469
2020-01-23,18.989999771118164,61.20000076293945,13.807743072509766,29.647802352905273,38.75529861450195
2020-01-24,18.549999237060547,59.459999084472656,13.70280647277832,29.297826766967773,37.819095611572266
2020-01-27,18.139999389648438,57.47999954223633,13.129314422607422,28.027923583984375,37.00653839111328
2020-01-28,18.200000762939453,62.40999984741211,13.907800674438477,28.79786491394043,39.13507843017578
2020-01-29,18.18000030517578,59.869998931884766,13.981012344360352,28.84786033630371,38.86128616333008
2020-01-30,18.100000381469727,59.709999084472656,13.78822135925293,28.937854766845703,39.01143264770508
2020-01-31,18.139999389648438,59.2599983215332,13.617391586303711,28.447891235351562,39.59434509277344
2020-02-03,18.040000915527344,60.130001068115234,13.795541763305664,28.17791175842285,36.008514404296875
2020-02-04,18.25,60.79999923706055,14.071306228637695,28.62787437438965,36.4677848815918
2020-02-05,18.40999984741211,61.27000045776367,13.983450889587402,28.387895584106445,37.53646469116211
2020-02-06,18.649999618530273,59.06999969482422,13.624713897705078,29.177837371826172,37.668949127197266
2020-02-07,18.389999389648438,56.290000915527344,13.234251022338867,28.927854537963867,34.913330078125
2020-02-10,18.510000228881836,56.81999969482422,12.7827787399292,29.127838134765625,29.154794692993164
2020-02-11,18.940000534057617,58.34000015258789,13.244011878967285,29.477811813354492,30.603261947631836
2020-02-12,19.1299991607666,59.65999984741211,13.651557922363281,30.127765655517578,29.764211654663086
2020-02-13,19.170000076293945,59.0,13.922441482543945,29.717796325683594,28.969322204589844
2020-02-14,18.559999465942383,59.2400016784668,13.746734619140625,29.417818069458008,30.603261947631836
2020-02-17,18.8700008392334,58.70000076293945,14.361712455749512,29.357824325561523,32.32551956176758
2020-02-18,18.770000457763672,58.02000045776367,14.207966804504395,29.74779510498047,32.0605583190918
2020-02-19,19.040000915527344,58.08000183105469,14.12011432647705,30.547733306884766,32.38734817504883
2020-02-20,19.68000030517578,56.400001525878906,13.797982215881348,29.917781829833984,30.373624801635742
2020-02-21,19.540000915527344,55.650001525878906,13.776019096374512,29.13783836364746,28.722021102905273
2020-02-27,17.18000030517578,45.130001068115234,12.262974739074707,25.29812240600586,30.143991470336914
2020-02-28,16.959999084472656,44.439998626708984,12.328866004943848,25.33812141418457,29.366764068603516
2020-03-02,17.149999618530273,45.189998626708984,12.824265480041504,26.528032302856445,26.805452346801758
2020-03-03,16.90999984741211,44.0,12.897476196289062,26.048067092895508,24.729904174804688
2020-03-04,17.239999771118164,44.75,12.799861907958984,26.88800621032715,16.82516860961914
2020-03-05,16.549999237060547,38.25,11.662637710571289,25.288124084472656,14.104879379272461
2020-03-06,15.920000076293945,38.68000030517578,11.062301635742188,22.828306198120117,14.45816421508789
2020-03-09,14.960000038146973,32.099998474121094,9.84942626953125,16.04880714416504,12.152982711791992
2020-03-10,15.170000076293945,36.18000030517578,11.4674072265625,17.558698654174805,12.099989891052246
2020-03-11,14.220000267028809,30.25,10.513213157653809,15.848824501037598,11.216778755187988
2020-03-12,10.460000038146973,20.299999237060547,8.297335624694824,12.599065780639648,8.081379890441895
2020-03-13,11.680000305175781,24.709999084472656,10.249650001525879,15.398858070373535,8.832109451293945
2020-03-16,10.0,15.600000381469727,8.31441879272461,13.089029312133789,7.728095531463623
2020-03-17,10.479999542236328,15.229999542236328,8.6804780960083,12.999035835266113,7.816417694091797
2020-03-18,9.029999732971191,10.350000381469727,7.030771732330322,11.289162635803223,6.359118938446045
2020-03-19,9.649999618530273,11.970000267028809,7.455399990081787,12.209095001220703,6.70357084274292
2020-03-20,8.399999618530273,13.800000190734863,7.479804039001465,11.999110221862793,6.447439670562744
2020-03-23,7.739999771118164,14.279999732971191,7.372426986694336,11.49914836883545,6.182476043701172
2020-03-24,9.050000190734863,16.170000076293945,8.951361656188965,13.249017715454102,7.224665641784668
2020-03-25,10.569999694824219,19.170000076293945,9.76157283782959,14.318937301635742,7.9488983154296875
2020-03-26,10.130000114440918,20.520000457763672,10.034894943237305,14.388933181762695,8.770284652709961
2020-03-27,8.970000267028809,19.5,9.517533302307129,13.2990140914917,9.185393333435059
2020-03-30,9.319999694824219,19.09000015258789,10.152034759521484,13.379008293151855,9.485685348510742
2020-03-31,9.539999961853027,17.549999237060547,9.515092849731445,13.98896312713623,8.549481391906738
2020-04-01,9.4399995803833,14.850000381469727,9.14659309387207,14.298940658569336,8.22269344329834
2020-04-02,9.25,14.609999656677246,8.758570671081543,15.50885009765625,8.099043846130371
2020-04-03,8.479999542236328,14.100000381469727,8.67315673828125,15.338863372802734,7.586781978607178
2020-04-06,8.859999656677246,15.600000381469727,9.322301864624023,15.768831253051758,8.991087913513184
2020-04-07,8.75,15.600000381469727,9.783534049987793,16.39878273010254,9.00875186920166
2020-04-08,9.34000015258789,16.790000915527344,10.239889144897461,17.318714141845703,8.955758094787598
2020-04-09,9.630000114440918,16.299999237060547,10.164237022399902,16.818750381469727,8.920431137084961
2020-04-13,9.760000228881836,16.149999618530273,10.227686882019043,16.92874526977539,9.176562309265137
2020-04-14,9.619999885559082,16.350000381469727,10.651780128479004,16.728759765625,10.580867767333984
2020-04-15,9.279999732971191,16.5,10.88765811920166,16.378786087036133,10.4572172164917
2020-04-16,9.25,16.0,11.314722061157227,15.71883487701416,10.430721282958984
2020-04-17,9.550000190734863,16.190000534057617,11.071395874023438,16.128803253173828,10.734171867370605
2020-04-20,9.199999809265137,16.68000030517578,12.037256240844727,15.948816299438477,10.74317741394043
2020-04-22,8.970000267028809,16.309999465942383,12.551222801208496,16.748756408691406,9.95972728729248
2020-04-23,9.270000457763672,16.3700008392334,12.283066749572754,16.94919776916504,9.113240242004395
2020-04-24,8.279999732971191,13.989999771118164,11.76413345336914,15.949244499206543,8.167696952819824
2020-04-27,7.659999847412109,14.109999656677246,12.290514945983887,16.449222564697266,8.518898010253906
2020-04-28,8.170000076293945,16.049999237060547,12.861588478088379,17.24965476989746,8.104660034179688
2020-04-29,8.819999694824219,17.1200008392334,12.568602561950684,18.199636459350586,9.230306625366211
2020-04-30,8.649999618530273,17.399999618530273,12.340173721313477,18.049636840820312,9.203292846679688
2020-05-04,7.71999979019165,15.15999984741211,12.77220344543457,17.37965202331543,8.635965347290039
2020-05-05,7.5,15.15999984741211,12.46432113647461,17.93964195251465,8.113665580749512
2020-05-06,7.159999847412109,14.770000457763672,13.693371772766113,17.27965545654297,8.230733871459961
2020-05-07,7.010000228881836,13.65999984741211,14.10057258605957,17.439651489257812,7.6634063720703125
2020-05-08,7.539999961853027,13.600000381469727,13.790205955505371,18.479629516601562,8.140681266784668
2020-05-11,7.190000057220459,13.149999618530273,13.643712997436523,18.149635314941406,6.933987140655518
2020-05-12,6.78000020980835,12.529999732971191,13.606468200683594,18.139636993408203,7.240163326263428
2020-05-13,6.190000057220459,12.289999961853027,13.680956840515137,17.58964729309082,6.672837257385254
2020-05-14,6.570000171661377,11.600000381469727,13.780274391174316,17.39965057373047,6.3396453857421875
2020-05-15,6.230000019073486,11.079999923706055,13.688405990600586,17.149656295776367,6.0334696769714355
2020-05-18,6.590000152587891,14.390000343322754,13.842347145080566,18.539628982543945,6.618805885314941
2020-05-19,6.440000057220459,13.649999618530273,14.54501724243164,18.67962646484375,6.348650932312012
2020-05-20,6.579999923706055,15.329999923706055,14.127884864807129,19.299612045288086,6.852941036224365
2020-05-21,6.590000152587891,15.430000305175781,14.473012924194336,19.189617156982422,6.348650932312012
2020-05-22,6.46999979019165,14.800000190734863,14.314105033874512,18.669626235961914,6.456711769104004
2020-05-25,6.860000133514404,15.34000015258789,14.996912002563477,19.4796085357666,7.024039268493652
2020-05-26,6.639999866485596,14.75,16.009946823120117,19.669605255126953,6.654826641082764
2020-05-27,7.269999980926514,14.869999885559082,16.72503089904785,19.929601669311523,6.933987140655518
2020-05-28,6.980000019073486,14.75,16.201133728027344,19.769603729248047,7.32120943069458
2020-05-29,7.150000095367432,14.279999732971191,15.977669715881348,20.33959197998047,7.474298000335693
2020-06-01,7.409999847412109,15.350000381469727,15.816279411315918,20.329593658447266,7.483303070068359
2020-06-02,8.239999771118164,16.75,15.344520568847656,21.39957046508789,7.744452953338623
2020-06-03,8.520000457763672,18.450000762939453,15.488533020019531,21.46957015991211,9.68056583404541
2020-06-04,8.930000305175781,19.079999923706055,15.019258499145508,21.4295711517334,9.41041088104248
2020-06-05,9.039999961853027,21.15999984741211,14.761033058166504,22.099557876586914,9.68056583404541
2020-06-08,10.699999809265137,27.350000381469727,15.488533020019531,22.52954864501953,10.581085205078125
2020-06-09,10.3100004196167,25.780000686645508,15.488533020019531,21.71956443786621,11.904845237731934
2020-06-10,9.329999923706055,23.5,16.039743423461914,21.39957046508789,11.670710563659668
2020-06-12,8.819999694824219,22.1200008392334,15.878353118896484,20.59958839416504,10.34695053100586
2020-06-15,8.579999923706055,22.149999618530273,16.350109100341797,20.699586868286133,9.320358276367188
2020-06-16,9.050000190734863,22.59000015258789,16.387351989746094,21.36957359313965,9.194286346435547
2020-06-17,8.949999809265137,22.6200008392334,16.68282127380371,21.439571380615234,9.07721996307373
2020-06-18,8.869999885559082,21.93000030517578,17.3060359954834,21.599567413330078,9.14025592803955
2020-06-19,8.760000228881836,21.799999237060547,17.72813606262207,21.46957015991211,9.356380462646484
2020-06-22,8.449999809265137,20.6299991607666,17.60399055480957,20.949581146240234,10.896265029907227
2020-06-23,8.520000457763672,22.5,17.442598342895508,21.649566650390625,10.355955123901367
2020-06-24,8.09000015258789,21.100000381469727,17.330869674682617,20.99958038330078,9.95972728729248
2020-06-25,8.149999618530273,21.200000762939453,17.303556442260742,21.46957015991211,10.130825996398926
2020-06-26,7.829999923706055,20.0,17.219135284423828,20.839582443237305,10.68014144897461
2020-06-29,8.420000076293945,20.729999542236328,17.48232650756836,21.65956687927246,11.220452308654785
2020-06-30,8.09000015258789,20.110000610351562,17.790210723876953,21.54956817626953,9.905696868896484
2020-07-01,8.100000381469727,20.670000076293945,17.951601028442383,21.709564208984375,9.194286346435547
2020-07-02,8.170000076293945,20.760000228881836,17.40535545349121,22.05955696105957,8.068638801574707
2020-07-03,8.1899995803833,21.149999618530273,17.877113342285156,21.97955894470215,8.717012405395508
2020-07-06,8.470000267028809,22.049999237060547,17.874629974365234,22.509550094604492,8.563924789428711
2020-07-07,8.199999809265137,21.5,18.552471160888672,22.229555130004883,8.563924789428711
2020-07-08,8.180000305175781,21.530000686645508,19.044090270996094,22.649545669555664,8.392826080322266
2020-07-09,7.989999771118164,20.899999618530273,19.714481353759766,22.139556884765625,8.374815940856934
2020-07-10,8.0600004196167,21.90999984741211,19.908151626586914,22.509550094604492,8.284764289855957
2020-07-13,8.15999984741211,21.15999984741211,19.98760414123535,22.159555435180664,8.753032684326172
2020-07-14,8.010000228881836,21.75,19.98760414123535,22.8995418548584,9.062531471252441
2020-07-15,8.800000190734863,22.729999542236328,20.235898971557617,23.33953285217285,8.906617164611816
2020-07-16,8.260000228881836,22.049999237060547,19.908151626586914,22.71954345703125,8.721467018127441
2020-07-17,8.380000114440918,21.799999237060547,20.360044479370117,22.739543914794922,8.770191192626953
2020-07-20,8.319999694824219,21.59000015258789,21.601511001586914,22.739543914794922,8.69223403930664
2020-07-21,8.5,21.799999237060547,20.931119918823242,23.36953353881836,8.302447319030762
2020-07-22,8.3100004196167,21.68000030517578,21.018022537231445,23.049537658691406,7.9613847732543945
2020-07-23,8.220000267028809,20.950000762939453,19.96277618408203,22.56999969482422,7.649555683135986
2020-07-24,8.020000457763672,20.540000915527344,19.78152084350586,22.729999542236328,8.127043724060059
2020-07-27,8.020000457763672,20.709999084472656,19.70206642150879,23.200000762939453,7.9613847732543945
2020-07-28,8.170000076293945,21.520000457763672,19.96277618408203,22.799999237060547,7.990618705749512
2020-07-29,8.180000305175781,20.959999084472656,19.915599822998047,23.170000076293945,7.971129417419434
2020-07-30,7.949999809265137,21.020000457763672,20.680343627929688,22.81999969482422,7.863937854766846
2020-07-31,7.610000133514404,20.309999465942383,20.062429428100586,22.200000762939453,7.766491413116455
2020-08-03,7.659999847412109,20.100000381469727,20.621023178100586,21.799999237060547,7.503385543823242
2020-08-04,7.46999979019165,19.81999969482422,20.60354232788086,21.780000686645508,7.405939102172852
2020-08-05,7.659999847412109,20.15999984741211,20.728412628173828,23.18000030517578,7.337726593017578
2020-08-06,7.579999923706055,21.450000762939453,21.455156326293945,23.219999313354492,7.639811038970947
2020-08-07,7.5,21.010000228881836,21.390222549438477,22.790000915527344,7.571598052978516
2020-08-10,7.929999828338623,21.780000686645508,20.46118927001953,23.450000762939453,7.549949645996094
2020-08-11,8.020000457763672,23.31999969482422,20.2264347076416,23.079999923706055,8.00393295288086
2020-08-12,7.800000190734863,22.8799991607666,19.99417495727539,23.479999542236328,7.727595329284668
2020-08-13,7.599999904632568,22.010000228881836,20.09157371520996,22.84000015258789,7.579556941986084
2020-08-14,7.679999828338623,22.489999771118164,20.41873550415039,22.670000076293945,7.668379783630371
2020-08-17,7.389999866485596,21.25,20.391263961791992,22.600000381469727,7.46999979019165
2020-08-18,7.389999866485596,21.799999237060547,22.351720809936523,23.020000457763672,7.550000190734863
2020-08-19,7.159999847412109,21.469999313354492,22.401668548583984,22.889999389648438,7.190000057220459
2020-08-20,7.159999847412109,21.56999969482422,21.81477928161621,22.729999542236328,7.309999942779541
2020-08-21,7.239999771118164,21.690000534057617,21.81477928161621,22.559999465942383,8.210000038146973
2020-08-24,7.639999866485596,22.56999969482422,21.747350692749023,22.969999313354492,7.929999828338623
2020-08-25,7.659999847412109,21.950000762939453,21.97711181640625,22.8700008392334,7.940000057220459
2020-08-26,7.309999942779541,21.59000015258789,22.51405143737793,22.219999313354492,7.690000057220459
2020-08-27,7.329999923706055,22.3700008392334,22.97107696533203,22.149999618530273,7.619999885559082
2020-08-28,7.559999942779541,22.8799991607666,23.620399475097656,22.540000915527344,7.5
2020-08-31,7.340000152587891,22.209999084472656,23.28075408935547,21.889999389648438,7.130000114440918
2020-09-01,7.670000076293945,22.90999984741211,23.80770492553711,22.8700008392334,6.96999979019165
2020-09-02,7.570000171661377,23.139999389648438,23.353178024291992,22.799999237060547,7.010000228881836
2020-09-03,7.440000057220459,23.989999771118164,22.10198211669922,22.8799991607666,6.840000152587891
2020-09-04,7.409999847412109,24.59000015258789,22.169410705566406,22.920000076293945,6.949999809265137
2020-09-08,7.360000133514404,26.260000228881836,21.89969253540039,22.260000228881836,6.71999979019165
2020-09-09,7.190000057220459,26.219999313354492,22.776277542114258,22.729999542236328,6.510000228881836
2020-09-10,7.010000228881836,26.100000381469727,22.039546966552734,22.1200008392334,6.300000190734863
2020-09-11,6.809999942779541,26.579999923706055,21.869722366333008,21.8799991607666,6.039999961853027
2020-09-14,6.900000095367432,28.25,22.551513671875,21.68000030517578,6.119999885559082
2020-09-15,6.869999885559082,28.030000686645508,22.371700286865234,21.670000076293945,5.920000076293945
2020-09-16,6.920000076293945,29.09000015258789,22.269306182861328,21.729999542236328,5.920000076293945
2020-09-17,6.96999979019165,28.90999984741211,21.752344131469727,22.149999618530273,5.909999847412109
2020-09-18,6.679999828338623,28.200000762939453,21.767330169677734,21.649999618530273,5.619999885559082
2020-09-21,6.360000133514404,26.0,22.151927947998047,20.899999618530273,5.409999847412109
2020-09-22,6.179999828338623,26.270000457763672,22.349224090576172,20.799999237060547,5.75
2020-09-23,6.039999961853027,26.75,21.59750747680664,20.229999542236328,6.300000190734863
2020-09-24,6.179999828338623,26.850000381469727,22.301773071289062,20.399999618530273,7.079999923706055
2020-09-25,6.119999885559082,26.780000686645508,22.633926391601562,20.1299991607666,7.170000076293945
2020-09-28,6.360000133514404,25.950000762939453,21.844749450683594,19.6299991607666,7.230000019073486
2020-09-29,6.099999904632568,23.950000762939453,21.847248077392578,19.309999465942383,7.309999942779541
2020-09-30,6.239999771118164,24.3799991607666,22.276798248291016,19.610000610351562,7.489999771118164
2020-10-01,6.46999979019165,25.700000762939453,22.95109748840332,19.850000381469727,8.100000381469727
2020-10-02,6.489999771118164,24.270000457763672,21.989599227905273,19.020000457763672,8.09000015258789
2020-10-05,6.420000076293945,24.309999465942383,22.511554718017578,20.030000686645508,8.649999618530273
2020-10-06,6.619999885559082,25.889999389648438,22.301773071289062,19.93000030517578,7.170000076293945
2020-10-07,6.369999885559082,24.969999313354492,22.211868286132812,19.790000915527344,6.440000057220459
2020-10-08,6.690000057220459,25.1299991607666,22.943605422973633,20.440000534057617,7.739999771118164
2020-10-09,6.690000057220459,25.299999237060547,24.511972427368164,19.799999237060547,7.179999828338623
2020-10-13,6.489999771118164,25.190000534057617,25.972949981689453,20.1299991607666,7.139999866485596
2020-10-14,6.570000171661377,25.809999465942383,25.653282165527344,19.969999313354492,7.159999847412109
2020-10-15,6.599999904632568,25.729999542236328,25.48345947265625,19.75,7.0
2020-10-16,6.46999979019165,25.5,25.773157119750977,19.329999923706055,6.789999961853027
2020-10-19,6.400000095367432,26.530000686645508,25.663272857666016,19.520000457763672,7.090000152587891
2020-10-20,6.590000152587891,26.280000686645508,26.012908935546875,20.18000030517578,7.099999904632568
2020-10-21,6.789999961853027,26.1200008392334,26.192720413208008,20.15999984741211,6.829999923706055
2020-10-22,6.820000171661377,26.739999771118164,26.072845458984375,20.84000015258789,6.920000076293945
2020-10-23,7.090000152587891,27.100000381469727,25.89303207397461,20.56999969482422,6.849999904632568
2020-10-26,6.880000114440918,26.139999389648438,25.443500518798828,20.25,6.949999809265137
2020-10-27,6.449999809265137,25.8799991607666,25.42352294921875,19.8799991607666,6.730000019073486
2020-10-28,6.050000190734863,23.399999618530273,24.604373931884766,18.670000076293945,6.090000152587891
2020-10-29,6.110000133514404,23.389999389648438,25.333616256713867,19.290000915527344,6.110000133514404
2020-10-30,6.03000020980835,22.549999237060547,24.604373931884766,18.940000534057617,6.139999866485596
2020-11-03,6.03000020980835,22.489999771118164,24.964000701904297,19.649999618530273,6.400000095367432
2020-11-04,6.239999771118164,23.3799991607666,26.162752151489258,19.719999313354492,6.230000019073486
2020-11-05,6.610000133514404,25.600000381469727,27.42144203186035,19.889999389648438,6.239999771118164
2020-11-06,6.550000190734863,25.93000030517578,27.301565170288086,19.75,6.550000190734863
2020-11-09,7.409999847412109,30.709999084472656,26.422481536865234,21.610000610351562,6.650000095367432
2020-11-10,7.320000171661377,30.290000915527344,25.19375991821289,23.079999923706055,6.539999961853027
2020-11-11,7.179999828338623,29.799999237060547,25.553386688232422,22.8799991607666,6.409999847412109
2020-11-12,7.019999980926514,27.899999618530273,25.453489303588867,21.90999984741211,6.230000019073486
2020-11-13,7.449999809265137,29.0,25.07388687133789,22.6299991607666,6.710000038146973
2020-11-16,8.050000190734863,32.150001525878906,24.824146270751953,23.290000915527344,6.639999866485596
2020-11-17,8.100000381469727,32.849998474121094,24.70427131652832,23.690000534057617,6.840000152587891
2020-11-18,8.050000190734863,34.29999923706055,24.514469146728516,23.549999237060547,6.760000228881836
2020-11-19,8.079999923706055,35.68000030517578,24.614364624023438,23.81999969482422,6.679999828338623
2020-11-23,8.210000038146973,35.619998931884766,23.395633697509766,25.100000381469727,7.170000076293945
2020-11-24,8.40999984741211,35.88999938964844,23.675342559814453,26.219999313354492,7.059999942779541
2020-11-25,8.3100004196167,36.0,23.97503089904785,26.25,6.949999809265137
2020-11-26,8.270000457763672,37.22999954223633,24.224769592285156,25.81999969482422,7.070000171661377
2020-11-27,8.25,36.88999938964844,24.164833068847656,25.5,6.820000171661377
2020-11-30,8.100000381469727,38.02000045776367,23.355674743652344,24.899999618530273,6.630000114440918
2020-12-01,8.210000038146973,38.939998626708984,22.8561954498291,25.600000381469727,6.679999828338623
2020-12-02,8.420000076293945,40.52000045776367,23.026018142700195,25.90999984741211,6.760000228881836
2020-12-03,9.350000381469727,42.279998779296875,23.275758743286133,26.639999389648438,6.909999847412109
2020-12-04,9.369999885559082,42.0,23.63538360595703,27.530000686645508,6.889999866485596
2020-12-07,9.369999885559082,41.88999938964844,23.775238037109375,27.0,7.360000133514404
2020-12-08,9.180000305175781,41.38999938964844,24.924043655395508,26.65999984741211,7.53000020980835
2020-12-09,8.970000267028809,40.88999938964844,23.95505142211914,26.940000534057617,7.260000228881836
2020-12-10,8.890000343322754,40.04999923706055,23.375654220581055,27.81999969482422,7.380000114440918
2020-12-11,9.050000190734863,40.720001220703125,22.966081619262695,27.56999969482422,7.28000020980835
2020-12-14,9.010000228881836,39.540000915527344,24.02497673034668,27.6200008392334,7.349999904632568
2020-12-15,9.270000457763672,39.90999984741211,24.584396362304688,27.850000381469727,7.25
2020-12-16,9.220000267028809,39.68000030517578,24.934030532836914,28.190000534057617,7.46999979019165
2020-12-17,9.109999656677246,38.7400016784668,24.514469146728516,28.239999771118164,7.340000152587891
2020-12-18,8.949999809265137,37.95000076293945,24.494489669799805,28.100000381469727,7.389999866485596
2020-12-21,8.539999961853027,36.5,24.973989486694336,27.020000457763672,7.150000095367432
2020-12-22,8.220000267028809,35.27000045776367,25.13382339477539,27.280000686645508,7.190000057220459
2020-12-23,8.5600004196167,37.70000076293945,24.944021224975586,27.950000762939453,7.239999771118164
2020-12-28,8.670000076293945,37.77000045776367,25.223730087280273,28.18000030517578,8.109999656677246
2020-12-29,8.630000114440918,37.66999816894531,25.253700256347656,28.270000457763672,8.210000038146973
2020-12-30,8.850000381469727,39.29999923706055,24.950000762939453,28.34000015258789,8.180000305175781
2021-01-04,8.369999885559082,37.72999954223633,25.200000762939453,28.90999984741211,7.889999866485596
2021-01-05,8.569999694824219,38.20000076293945,24.760000228881836,30.040000915527344,7.760000228881836
2021-01-06,8.899999618530273,36.66999816894531,23.459999084472656,30.100000381469727,7.769999980926514
2021-01-07,8.880000114440918,36.04999923706055,23.15999984741211,31.0,7.75
2021-01-08,8.8100004196167,36.599998474121094,23.84000015258789,31.1200008392334,8.0
2021-01-11,8.609999656677246,36.439998626708984,23.489999771118164,30.860000610351562,7.619999885559082
2021-01-12,9.289999961853027,37.720001220703125,24.200000762939453,30.6299991607666,7.78000020980835
2021-01-13,9.199999809265137,35.959999084472656,24.020000457763672,29.149999618530273,7.800000190734863
2021-01-14,9.979999542236328,38.56999969482422,23.729999542236328,29.450000762939453,7.860000133514404
2021-01-15,9.520000457763672,37.41999816894531,23.959999084472656,28.1200008392334,7.710000038146973
2021-01-18,9.380000114440918,38.099998474121094,24.450000762939453,28.06999969482422,7.650000095367432
2021-01-19,9.470000267028809,37.59000015258789,24.079999923706055,28.690000534057617,7.599999904632568
2021-01-20,9.15999984741211,37.90999984741211,25.420000076293945,28.209999084472656,7.659999847412109
2021-01-21,8.880000114440918,38.29999923706055,25.489999771118164,27.549999237060547,7.599999904632568
2021-01-22,8.65999984741211,38.90999984741211,25.989999771118164,27.09000015258789,6.920000076293945
2021-01-26,8.649999618530273,37.869998931884766,25.75,27.0,6.53000020980835
2021-01-27,8.829999923706055,39.720001220703125,25.790000915527344,27.399999618530273,6.53000020980835
2021-01-28,9.130000114440918,41.439998626708984,26.190000534057617,27.760000228881836,7.670000076293945
2021-01-29,8.789999961853027,40.34000015258789,25.270000457763672,26.690000534057617,7.199999809265137
2021-02-01,8.930000305175781,41.400001525878906,24.93000030517578,27.530000686645508,7.329999923706055
2021-02-02,9.529999732971191,42.13999938964844,25.299999237060547,28.65999984741211,7.239999771118164
2021-02-03,9.640000343322754,42.5099983215332,25.649999618530273,28.940000534057617,7.289999961853027
2021-02-04,9.449999809265137,43.369998931884766,25.309999465942383,28.81999969482422,7.119999885559082
2021-02-05,9.470000267028809,43.54999923706055,25.850000381469727,28.84000015258789,6.909999847412109
2021-02-08,9.630000114440918,44.59000015258789,26.15999984741211,28.110000610351562,6.71999979019165
2021-02-09,9.630000114440918,44.29999923706055,26.239999771118164,27.540000915527344,6.650000095367432
2021-02-10,9.670000076293945,42.75,25.299999237060547,27.799999237060547,6.579999923706055
2021-02-11,10.020000457763672,43.040000915527344,25.649999618530273,28.079999923706055,6.550000190734863
2021-02-12,10.079999923706055,42.86000061035156,25.90999984741211,28.440000534057617,6.639999866485596
2021-02-18,11.300000190734863,42.29999923706055,25.040000915527344,29.270000457763672,6.650000095367432
2021-02-19,11.619999885559082,43.70000076293945,24.940000534057617,27.329999923706055,6.389999866485596
2021-02-22,12.479999542236328,41.72999954223633,24.25,21.670000076293945,6.099999904632568
2021-02-23,12.350000381469727,43.099998474121094,24.860000610351562,24.059999465942383,6.28000020980835
2021-02-24,13.100000381469727,44.95000076293945,24.639999389648438,24.399999618530273,6.289999961853027
2021-02-25,12.270000457763672,42.41999816894531,24.049999237060547,23.190000534057617,6.090000152587891
2021-02-26,12.229999542236328,40.599998474121094,24.18000030517578,22.239999771118164,6.0
2021-03-01,12.210000038146973,40.04999923706055,24.549999237060547,22.0,5.829999923706055
2021-03-02,12.420000076293945,38.790000915527344,24.270000457763672,21.989999771118164,5.960000038146973
2021-03-03,12.430000305175781,38.560001373291016,25.1200008392334,21.190000534057617,5.889999866485596
2021-03-04,12.399999618530273,38.5,25.440000534057617,22.219999313354492,5.96999979019165
2021-03-05,12.819999694824219,38.13999938964844,25.1299991607666,22.389999389648438,6.159999847412109
2021-03-08,12.229999542236328,35.459999084472656,23.100000381469727,21.100000381469727,5.849999904632568
2021-03-09,12.34000015258789,35.97999954223633,23.389999389648438,21.59000015258789,5.820000171661377
2021-03-10,13.819999694824219,38.34000015258789,24.899999618530273,22.34000015258789,6.079999923706055
2021-03-11,13.739999771118164,40.45000076293945,24.799999237060547,23.290000915527344,6.099999904632568
2021-03-12,14.399999618530273,41.130001068115234,24.56999969482422,23.170000076293945,6.190000057220459
